Date,Close*
2015-01-05,27842.32
2015-01-06,26987.46
2015-01-07,26908.82
2015-01-08,27274.71
2015-01-09,27458.38
2015-01-12,27585.27
2015-01-13,27425.73
2015-01-14,27346.82
2015-01-15,28075.55
2015-01-16,28121.89
2015-01-19,28262.01
2015-01-20,28784.67
2015-01-21,28888.86
2015-01-22,29006.02
2015-01-23,29278.84
2015-01-23,29278.84
2015-01-27,29571.04
2015-01-28,29559.18
2015-01-29,29681.77
2015-01-30,29182.95
2015-02-02,29122.27
2015-02-03,29000.14
2015-02-04,28883.11
2015-02-05,28850.97
2015-02-06,28717.91
2015-02-09,28227.39
2015-02-10,28355.62
2015-02-11,28533.97
2015-02-12,28805.1
2015-02-13,29094.93
2015-02-16,29135.88
2015-02-16,29135.88
2015-02-18,29320.26
2015-02-19,29462.27
2015-02-20,29231.41
2015-02-23,28975.11
2015-02-24,29004.66
2015-02-25,29007.99
2015-02-26,28746.65
2015-02-27,29220.12
2015-03-02,29459.14
2015-03-03,29593.73
2015-03-04,29380.73
2015-03-05,29448.95
2015-03-05,29448.95
2015-03-09,28844.78
2015-03-10,28709.87
2015-03-11,28659.17
2015-03-12,28930.41
2015-03-13,28503.3
2015-03-16,28437.71
2015-03-17,28736.38
2015-03-18,28622.12
2015-03-19,28469.67
2015-03-20,28261.08
2015-03-23,28192.02
2015-03-24,28161.72
2015-03-25,28111.83
2015-03-26,27457.58
2015-03-27,27458.64
2015-03-30,27975.86
2015-03-31,27957.49
2015-04-01,28260.14
2015-04-01,28260.14
2015-04-01,28260.14
2015-04-06,28504.46
2015-04-07,28516.59
2015-04-08,28707.75
2015-04-09,28885.21
2015-04-10,28879.38
2015-04-13,29044.44
2015-04-13,29044.44
2015-04-15,28799.69
2015-04-16,28666.04
2015-04-17,28442.1
2015-04-20,27886.21
2015-04-21,27676.04
2015-04-22,27890.13
2015-04-23,27735.02
2015-04-24,27437.94
2015-04-27,27176.99
2015-04-28,27396.38
2015-04-29,27225.93
2015-04-30,27011.31
2015-04-30,27011.31
2015-05-04,27490.59
2015-05-05,27440.14
2015-05-06,26717.37
2015-05-07,26599.11
2015-05-08,27105.39
2015-05-11,27507.3
2015-05-12,26877.48
2015-05-13,27251.1
2015-05-14,27206.06
2015-05-15,27324.0
2015-05-18,27687.3
2015-05-19,27645.53
2015-05-20,27837.21
2015-05-21,27809.35
2015-05-22,27957.5
2015-05-25,27643.88
2015-05-26,27531.41
2015-05-27,27564.66
2015-05-28,27506.71
2015-05-29,27828.44
2015-06-01,27848.99
2015-06-02,27188.38
2015-06-03,26837.2
2015-06-04,26813.42
2015-06-05,26768.49
2015-06-08,26523.09
2015-06-09,26481.25
2015-06-10,26840.5
2015-06-11,26370.98
2015-06-12,26425.3
2015-06-15,26586.55
2015-06-16,26686.51
2015-06-17,26832.66
2015-06-18,27115.83
2015-06-19,27316.17
2015-06-22,27730.21
2015-06-23,27804.37
2015-06-24,27729.67
2015-06-25,27895.97
2015-06-26,27811.84
2015-06-29,27645.15
2015-06-30,27780.83
2015-07-01,28020.87
2015-07-02,27945.8
2015-07-03,28092.79
2015-07-06,28208.76
2015-07-07,28171.69
2015-07-08,27687.72
2015-07-09,27573.66
2015-07-10,27661.4
2015-07-13,27961.19
2015-07-14,27932.9
2015-07-15,28198.29
2015-07-16,28446.12
2015-07-17,28463.31
2015-07-20,28420.12
2015-07-21,28182.14
2015-07-22,28504.93
2015-07-23,28370.84
2015-07-24,28112.31
2015-07-27,27561.38
2015-07-28,27459.23
2015-07-29,27563.43
2015-07-30,27705.35
2015-07-31,28114.56
2015-08-03,28187.06
2015-08-04,28071.93
2015-08-05,28223.08
2015-08-06,28298.13
2015-08-07,28236.39
2015-08-10,28101.72
2015-08-11,27866.09
2015-08-12,27512.26
2015-08-13,27549.53
2015-08-14,28067.31
2015-08-17,27878.27
2015-08-18,27831.54
2015-08-19,27931.64
2015-08-20,27607.82
2015-08-21,27366.07
2015-08-24,25741.56
2015-08-25,26032.38
2015-08-26,25714.66
2015-08-27,26231.19
2015-08-28,26392.38
2015-08-31,26283.09
2015-09-01,25696.44
2015-09-02,25453.56
2015-09-03,25764.78
2015-09-04,25201.9
2015-09-07,24893.81
2015-09-08,25317.87
2015-09-09,25719.58
2015-09-10,25622.17
2015-09-11,25610.21
2015-09-14,25856.7
2015-09-15,25705.93
2015-09-16,25963.97
2015-09-16,25963.97
2015-09-18,26218.91
2015-09-21,26192.98
2015-09-22,25651.84
2015-09-23,25822.99
2015-09-24,25863.5
2015-09-24,25863.5
2015-09-28,25616.84
2015-09-29,25778.66
2015-09-30,26154.83
2015-10-01,26220.95
2015-10-01,26220.95
2015-10-05,26785.55
2015-10-06,26932.88
2015-10-07,27035.85
2015-10-08,26845.81
2015-10-09,27079.51
2015-10-12,26904.11
2015-10-13,26846.53
2015-10-14,26779.66
2015-10-15,27010.14
2015-10-16,27214.6
2015-10-19,27364.92
2015-10-20,27306.83
2015-10-21,27287.66
2015-10-21,27287.66
2015-10-23,27470.81
2015-10-26,27361.96
2015-10-27,27253.44
2015-10-28,27039.76
2015-10-29,26838.14
2015-10-30,26656.83
2015-11-02,26559.15
2015-11-03,26590.59
2015-11-04,26552.92
2015-11-05,26304.2
2015-11-06,26265.24
2015-11-09,26121.4
2015-11-10,25743.26
2015-11-10,25743.26
2015-11-10,25743.26
2015-11-13,25610.53
2015-11-16,25760.1
2015-11-17,25864.47
2015-11-18,25482.52
2015-11-19,25841.92
2015-11-20,25868.49
2015-11-23,25819.34
2015-11-24,25775.74
2015-11-24,25775.74
2015-11-26,25958.63
2015-11-27,26128.2
2015-11-30,26145.67
2015-12-01,26169.41
2015-12-02,26117.85
2015-12-03,25886.62
2015-12-04,25638.11
2015-12-07,25530.11
2015-12-08,25310.33
2015-12-09,25036.05
2015-12-10,25252.32
2015-12-11,25044.43
2015-12-14,25150.35
2015-12-15,25320.44
2015-12-16,25494.37
2015-12-17,25803.78
2015-12-18,25519.22
2015-12-21,25735.9
2015-12-22,25590.65
2015-12-23,25850.3
2015-12-24,25838.71
2015-12-24,25838.71
2015-12-28,26034.13
2015-12-29,26079.48
2015-12-30,25960.03
2015-12-31,26117.54
2015-12-31,26117.54
2016-01-04,25623.35
2016-01-05,25580.34
2016-01-06,25406.33
2016-01-07,24851.83
2016-01-08,24934.33
2016-01-11,24825.04
2016-01-12,24682.03
2016-01-13,24854.11
2016-01-14,24772.97
2016-01-15,24455.04
2016-01-18,24188.37
2016-01-19,24479.84
2016-01-20,24062.04
2016-01-21,23962.21
2016-01-22,24435.66
2016-01-25,24485.95
2016-01-25,24485.95
2016-01-27,24492.39
2016-01-28,24469.57
2016-01-29,24870.69
2016-02-01,24824.83
2016-02-02,24539.0
2016-02-03,24223.32
2016-02-04,24338.43
2016-02-05,24616.97
2016-02-08,24287.42
2016-02-09,24020.98
2016-02-10,23758.9
2016-02-11,22951.83
2016-02-12,22986.12
2016-02-15,23554.12
2016-02-16,23191.97
2016-02-17,23381.87
2016-02-18,23649.22
2016-02-19,23709.15
2016-02-22,23788.79
2016-02-23,23410.18
2016-02-24,23088.93
2016-02-25,22976.0
2016-02-26,23154.3
2016-02-29,23002.0
2016-03-01,23779.35
2016-03-02,24242.98
2016-03-03,24606.99
2016-03-04,24646.48
2016-03-04,24646.48
2016-03-08,24659.23
2016-03-09,24793.96
2016-03-10,24623.34
2016-03-11,24717.99
2016-03-14,24804.28
2016-03-15,24551.17
2016-03-16,24682.48
2016-03-17,24677.37
2016-03-18,24952.74
2016-03-21,25285.37
2016-03-22,25330.49
2016-03-23,25337.56
2016-03-23,25337.56
2016-03-23,25337.56
2016-03-28,24966.4
2016-03-29,24900.46
2016-03-30,25338.58
2016-03-31,25341.86
2016-04-01,25269.64
2016-04-04,25399.65
2016-04-05,24883.59
2016-04-06,24900.63
2016-04-07,24685.42
2016-04-08,24673.84
2016-04-11,25022.16
2016-04-12,25145.59
2016-04-13,25626.75
2016-04-13,25626.75
2016-04-13,25626.75
2016-04-18,25816.36
2016-04-18,25816.36
2016-04-20,25844.18
2016-04-21,25880.38
2016-04-22,25838.14
2016-04-25,25678.93
2016-04-26,26007.3
2016-04-27,26064.12
2016-04-28,25603.1
2016-04-29,25606.62
2016-05-02,25436.97
2016-05-03,25229.7
2016-05-04,25101.73
2016-05-05,25262.21
2016-05-06,25228.5
2016-05-09,25688.86
2016-05-10,25772.53
2016-05-11,25597.02
2016-05-12,25790.22
2016-05-13,25489.57
2016-05-16,25653.23
2016-05-17,25773.61
2016-05-18,25704.61
2016-05-19,25399.72
2016-05-20,25301.9
2016-05-23,25230.36
2016-05-24,25305.47
2016-05-25,25881.17
2016-05-26,26366.68
2016-05-27,26653.6
2016-05-30,26725.6
2016-05-31,26667.96
2016-06-01,26713.93
2016-06-02,26843.14
2016-06-03,26843.03
2016-06-06,26777.45
2016-06-07,27009.67
2016-06-08,27020.66
2016-06-09,26763.46
2016-06-10,26635.75
2016-06-13,26396.77
2016-06-14,26395.71
2016-06-15,26726.34
2016-06-16,26525.46
2016-06-17,26625.91
2016-06-20,26866.92
2016-06-21,26812.78
2016-06-22,26765.65
2016-06-23,27002.22
2016-06-24,26397.71
2016-06-27,26402.96
2016-06-28,26524.55
2016-06-29,26740.39
2016-06-30,26999.72
2016-07-01,27144.91
2016-07-04,27278.76
2016-07-05,27166.87
2016-07-05,27166.87
2016-07-07,27201.49
2016-07-08,27126.9
2016-07-11,27626.69
2016-07-12,27808.14
2016-07-13,27815.18
2016-07-14,27942.11
2016-07-15,27836.5
2016-07-18,27746.66
2016-07-19,27787.62
2016-07-20,27915.89
2016-07-21,27710.52
2016-07-22,27803.24
2016-07-25,28095.34
2016-07-26,27976.52
2016-07-27,28024.33
2016-07-28,28208.62
2016-07-29,28051.86
2016-08-01,28003.12
2016-08-02,27981.71
2016-08-03,27697.51
2016-08-04,27714.37
2016-08-05,28078.35
2016-08-08,28182.57
2016-08-09,28085.16
2016-08-10,27774.88
2016-08-11,27859.6
2016-08-12,28152.4
2016-08-12,28152.4
2016-08-16,28064.61
2016-08-17,28005.37
2016-08-18,28123.44
2016-08-19,28077.0
2016-08-22,27985.54
2016-08-23,27990.21
2016-08-24,28059.94
2016-08-25,27835.91
2016-08-26,27782.25
2016-08-29,27902.66
2016-08-30,28343.01
2016-08-31,28452.17
2016-09-01,28423.48
2016-09-02,28532.11
2016-09-02,28532.11
2016-09-06,28978.02
2016-09-07,28926.36
2016-09-08,29045.28
2016-09-09,28797.25
2016-09-12,28353.54
2016-09-12,28353.54
2016-09-14,28372.23
2016-09-15,28412.89
2016-09-16,28599.03
2016-09-19,28634.5
2016-09-20,28523.2
2016-09-21,28507.42
2016-09-22,28773.13
2016-09-23,28668.22
2016-09-26,28294.28
2016-09-27,28223.7
2016-09-28,28292.81
2016-09-29,27827.53
2016-09-30,27865.96
2016-10-03,28243.29
2016-10-04,28334.55
2016-10-05,28220.98
2016-10-06,28106.21
2016-10-07,28061.14
2016-10-10,28082.34
2016-10-10,28082.34
2016-10-10,28082.34
2016-10-13,27643.11
2016-10-14,27673.6
2016-10-17,27529.97
2016-10-18,28050.88
2016-10-19,27984.37
2016-10-20,28129.84
2016-10-21,28077.18
2016-10-24,28179.08
2016-10-25,28091.42
2016-10-26,27836.51
2016-10-27,27915.9
2016-10-28,27941.51
2016-10-28,27941.51
2016-11-01,27876.61
2016-11-02,27527.22
2016-11-03,27430.28
2016-11-04,27274.15
2016-11-07,27458.99
2016-11-08,27591.14
2016-11-09,27252.53
2016-11-10,27517.68
2016-11-11,26818.82
2016-11-11,26818.82
2016-11-15,26304.63
2016-11-16,26298.69
2016-11-17,26227.62
2016-11-18,26150.24
2016-11-21,25765.14
2016-11-22,25960.78
2016-11-23,26051.81
2016-11-24,25860.17
2016-11-25,26316.34
2016-11-28,26350.17
2016-11-29,26394.01
2016-11-30,26652.81
2016-12-01,26559.92
2016-12-02,26230.66
2016-12-05,26349.1
2016-12-06,26392.76
2016-12-07,26236.87
2016-12-08,26694.28
2016-12-09,26747.18
2016-12-12,26515.24
2016-12-13,26697.82
2016-12-14,26602.84
2016-12-15,26519.07
2016-12-16,26489.56
2016-12-19,26374.7
2016-12-20,26307.98
2016-12-21,26242.38
2016-12-22,25979.6
2016-12-23,26040.7
2016-12-26,25807.1
2016-12-27,26213.44
2016-12-28,26210.68
2016-12-29,26366.15
2016-12-30,26626.46
2017-01-02,26595.45
2017-01-03,26643.24
2017-01-04,26633.13
2017-01-05,26878.24
2017-01-06,26759.23
2017-01-09,26726.55
2017-01-10,26899.56
2017-01-11,27140.41
2017-01-12,27247.16
2017-01-13,27238.06
2017-01-16,27288.17
2017-01-17,27235.66
2017-01-18,27257.64
2017-01-19,27308.6
2017-01-20,27034.5
2017-01-23,27117.34
2017-01-24,27375.58
2017-01-25,27708.14
2017-01-25,27708.14
2017-01-27,27882.46
2017-01-30,27849.56
2017-01-31,27655.96
2017-02-01,28141.64
2017-02-02,28226.61
2017-02-03,28240.52
2017-02-06,28439.28
2017-02-07,28335.16
2017-02-08,28289.92
2017-02-09,28329.7
2017-02-10,28334.25
2017-02-13,28351.62
2017-02-14,28339.31
2017-02-15,28155.56
2017-02-16,28301.27
2017-02-17,28468.75
2017-02-20,28661.58
2017-02-21,28761.59
2017-02-22,28864.71
2017-02-23,28892.97
2017-02-23,28892.97
2017-02-27,28812.88
2017-02-28,28743.32
2017-03-01,28984.49
2017-03-02,28839.79
2017-03-03,28832.45
2017-03-06,29048.19
2017-03-07,28999.56
2017-03-08,28901.94
2017-03-09,28929.13
2017-03-10,28946.23
2017-03-10,28946.23
2017-03-14,29442.63
2017-03-15,29398.11
2017-03-16,29585.85
2017-03-17,29648.99
2017-03-20,29518.74
2017-03-21,29485.45
2017-03-22,29167.68
2017-03-23,29332.16
2017-03-24,29421.4
2017-03-27,29237.15
2017-03-28,29409.52
2017-03-29,29531.43
2017-03-30,29647.42
2017-03-31,29620.5
2017-04-03,29910.22
2017-04-03,29910.22
2017-04-05,29974.24
2017-04-06,29927.34
2017-04-07,29706.61
2017-04-10,29575.74
2017-04-11,29788.35
2017-04-12,29643.48
2017-04-13,29461.45
2017-04-13,29461.45
2017-04-17,29413.66
2017-04-18,29319.1
2017-04-19,29336.57
2017-04-20,29422.39
2017-04-21,29365.3
2017-04-24,29655.84
2017-04-25,29943.24
2017-04-26,30133.35
2017-04-27,30029.74
2017-04-28,29918.4
2017-04-28,29918.4
2017-05-02,29921.18
2017-05-03,29894.8
2017-05-04,30126.21
2017-05-05,29858.8
2017-05-08,29926.15
2017-05-09,29933.25
2017-05-10,30248.17
2017-05-11,30250.98
2017-05-12,30188.15
2017-05-15,30322.12
2017-05-16,30582.6
2017-05-17,30658.77
2017-05-18,30434.79
2017-05-19,30464.92
2017-05-22,30570.97
2017-05-23,30365.25
2017-05-24,30301.64
2017-05-25,30750.03
2017-05-26,31028.21
2017-05-29,31109.28
2017-05-30,31159.4
2017-05-31,31145.8
2017-06-01,31137.59
2017-06-02,31273.29
2017-06-05,31309.49
2017-06-06,31190.56
2017-06-07,31271.28
2017-06-08,31213.36
2017-06-09,31262.06
2017-06-12,31095.7
2017-06-13,31103.49
2017-06-14,31155.91
2017-06-15,31075.73
2017-06-16,31056.4
2017-06-19,31311.57
2017-06-20,31297.53
2017-06-21,31283.64
2017-06-22,31290.74
2017-06-23,31138.21
2017-06-23,31138.21
2017-06-27,30958.25
2017-06-28,30834.32
2017-06-29,30857.52
2017-06-30,30921.61
2017-07-03,31221.62
2017-07-04,31209.79
2017-07-05,31245.56
2017-07-06,31369.34
2017-07-07,31360.63
2017-07-10,31715.64
2017-07-11,31747.09
2017-07-12,31804.82
2017-07-13,32037.38
2017-07-14,32020.75
2017-07-17,32074.78
2017-07-18,31710.99
2017-07-19,31955.35
2017-07-20,31904.4
2017-07-21,32028.89
2017-07-24,32245.87
2017-07-25,32228.27
2017-07-26,32382.46
2017-07-27,32383.3
2017-07-28,32309.88
2017-07-31,32514.94
2017-08-01,32575.17
2017-08-02,32476.74
2017-08-03,32237.88
2017-08-04,32325.41
2017-08-07,32273.67
2017-08-08,32014.19
2017-08-09,31797.84
2017-08-10,31531.33
2017-08-11,31213.59
2017-08-14,31449.03
2017-08-14,31449.03
2017-08-16,31770.89
2017-08-17,31795.46
2017-08-18,31524.68
2017-08-21,31258.85
2017-08-22,31291.85
2017-08-23,31568.01
2017-08-24,31596.06
2017-08-24,31596.06
2017-08-28,31750.82
2017-08-29,31388.39
2017-08-30,31646.46
2017-08-31,31730.49
2017-09-01,31892.23
2017-09-04,31702.25
2017-09-05,31809.55
2017-09-06,31661.97
2017-09-07,31662.74
2017-09-08,31687.52
2017-09-11,31882.16
2017-09-12,32158.66
2017-09-13,32186.41
2017-09-14,32241.93
2017-09-15,32272.61
2017-09-18,32423.76
2017-09-19,32402.37
2017-09-20,32400.51
2017-09-21,32370.04
2017-09-22,31922.44
2017-09-25,31626.63
2017-09-26,31599.76
2017-09-27,31159.81
2017-09-28,31282.48
2017-09-29,31283.72
2017-09-29,31283.72
2017-10-03,31497.38
2017-10-04,31671.71
2017-10-05,31592.03
2017-10-06,31814.22
2017-10-09,31846.89
2017-10-10,31924.41
2017-10-11,31833.99
2017-10-12,32182.22
2017-10-13,32432.69
2017-10-16,32633.64
2017-10-17,32609.16
2017-10-18,32584.35
2017-10-19,32389.96
2017-10-19,32389.96
2017-10-23,32506.72
2017-10-24,32607.34
2017-10-25,33042.5
2017-10-26,33147.13
2017-10-27,33157.22
2017-10-30,33266.16
2017-10-31,33213.13
2017-11-01,33600.27
2017-11-02,33573.22
2017-11-03,33685.56
2017-11-06,33731.19
2017-11-07,33370.76
2017-11-08,33218.81
2017-11-09,33250.93
2017-11-10,33314.56
2017-11-13,33033.56
2017-11-14,32941.87
2017-11-15,32760.44
2017-11-16,33106.82
2017-11-17,33342.8
2017-11-20,33359.9
2017-11-21,33478.35
2017-11-22,33561.55
2017-11-23,33588.08
2017-11-24,33679.24
2017-11-27,33724.44
2017-11-28,33618.59
2017-11-29,33602.76
2017-11-30,33149.35
2017-12-01,32832.94
2017-12-04,32869.72
2017-12-05,32802.44
2017-12-06,32597.18
2017-12-07,32949.21
2017-12-08,33250.3
2017-12-11,33455.79
2017-12-12,33227.99
2017-12-13,33053.04
2017-12-14,33246.7
2017-12-15,33462.97
2017-12-18,33601.68
2017-12-19,33836.74
2017-12-20,33777.38
2017-12-21,33756.28
2017-12-22,33940.3
2017-12-22,33940.3
2017-12-26,34010.61
2017-12-27,33911.81
2017-12-28,33848.03
2017-12-29,34056.83
2018-01-01,33812.75
2018-01-02,33812.26
2018-01-03,33793.38
2018-01-04,33969.64
2018-01-05,34153.85
2018-01-08,34352.79
2018-01-09,34443.19
2018-01-10,34433.07
2018-01-11,34503.49
2018-01-12,34592.39
2018-01-15,34843.51
2018-01-16,34771.05
2018-01-17,35081.82
2018-01-18,35260.29
2018-01-19,35511.58
2018-01-22,35798.01
2018-01-23,36139.98
2018-01-24,36161.64
2018-01-25,36050.44
2018-01-25,36050.44
2018-01-29,36283.25
2018-01-30,36033.73
2018-01-31,35965.02
2018-02-01,35906.66
2018-02-02,35066.75
2018-02-05,34757.16
2018-02-06,34195.94
2018-02-07,34082.71
2018-02-08,34413.16
2018-02-09,34005.76
2018-02-12,34300.47
2018-02-12,34300.47
2018-02-14,34155.95
2018-02-15,34297.47
2018-02-16,34010.76
2018-02-19,33774.66
2018-02-20,33703.59
2018-02-21,33844.86
2018-02-22,33819.5
2018-02-23,34142.15
2018-02-26,34445.75
2018-02-27,34346.39
2018-02-28,34184.04
2018-03-01,34046.94
2018-03-01,34046.94
2018-03-05,33746.78
2018-03-06,33317.2
2018-03-07,33033.09
2018-03-08,33351.57
2018-03-09,33307.14
2018-03-12,33917.94
2018-03-13,33856.78
2018-03-14,33835.74
2018-03-15,33685.54
2018-03-16,33176.0
2018-03-19,32923.12
2018-03-20,32996.76
2018-03-21,33136.18
2018-03-22,33006.27
2018-03-23,32596.54
2018-03-26,33066.41
2018-03-27,33174.39
2018-03-28,32968.68
2018-03-28,32968.68
2018-03-28,32968.68
2018-04-02,33255.36
2018-04-03,33370.63
2018-04-04,33019.07
2018-04-05,33596.8
2018-04-06,33626.97
2018-04-09,33788.54
2018-04-10,33880.25
2018-04-11,33940.44
2018-04-12,34101.13
2018-04-13,34192.65
2018-04-16,34305.43
2018-04-17,34395.06
2018-04-18,34331.68
2018-04-19,34427.29
2018-04-20,34415.58
2018-04-23,34450.77
2018-04-24,34616.64
2018-04-25,34501.27
2018-04-26,34713.6
2018-04-27,34969.7
2018-04-30,35160.36
2018-04-30,35160.36
2018-05-02,35176.42
2018-05-03,35103.14
2018-05-04,34915.38
2018-05-07,35208.14
2018-05-08,35216.32
2018-05-09,35319.35
2018-05-10,35246.27
2018-05-11,35535.79
2018-05-14,35556.71
2018-05-15,35543.94
2018-05-16,35387.88
2018-05-17,35149.12
2018-05-18,34848.3
2018-05-21,34616.13
2018-05-22,34651.24
2018-05-23,34344.91
2018-05-24,34663.11
2018-05-25,34924.87
2018-05-28,35165.48
2018-05-29,34949.24
2018-05-30,34906.11
2018-05-31,35322.38
2018-06-01,35227.26
2018-06-04,35011.89
2018-06-05,34903.21
2018-06-06,35178.88
2018-06-07,35463.08
2018-06-08,35443.67
2018-06-11,35483.47
2018-06-12,35692.52
2018-06-13,35739.16
2018-06-14,35599.82
2018-06-15,35622.14
2018-06-18,35548.26
2018-06-19,35286.74
2018-06-20,35547.33
2018-06-21,35432.39
2018-06-22,35689.6
2018-06-25,35470.35
2018-06-26,35490.04
2018-06-27,35217.11
2018-06-28,35037.64
2018-06-29,35423.48
2018-07-02,35264.41
2018-07-03,35378.6
2018-07-04,35645.4
2018-07-05,35574.55
2018-07-06,35657.86
2018-07-09,35934.72
2018-07-10,36239.62
2018-07-11,36265.93
2018-07-12,36548.41
2018-07-13,36541.63
2018-07-16,36323.77
2018-07-17,36519.96
2018-07-18,36373.44
2018-07-19,36351.23
2018-07-20,36496.37
2018-07-23,36718.6
2018-07-24,36825.1
2018-07-25,36858.23
2018-07-26,36984.64
2018-07-27,37336.85
2018-07-30,37494.4
2018-07-31,37606.58
2018-08-01,37521.62
2018-08-02,37165.16
2018-08-03,37556.16
2018-08-06,37691.89
2018-08-07,37665.8
2018-08-08,37887.56
2018-08-09,38024.37
2018-08-10,37869.23
2018-08-13,37644.9
2018-08-14,37852.0
2018-08-14,37852.0
2018-08-16,37663.56
2018-08-17,37947.88
2018-08-20,38278.75
2018-08-21,38285.75
2018-08-21,38285.75
2018-08-23,38336.76
2018-08-24,38251.8
2018-08-27,38694.11
2018-08-28,38896.63
2018-08-29,38722.93
2018-08-30,38690.1
2018-08-31,38645.07
2018-09-03,38312.52
2018-09-04,38157.92
2018-09-05,38018.31
2018-09-06,38242.81
2018-09-07,38389.82
2018-09-10,37922.17
2018-09-11,37413.13
2018-09-12,37717.96
2018-09-12,37717.96
2018-09-14,38090.64
2018-09-17,37585.51
2018-09-18,37290.67
2018-09-19,37121.22
2018-09-19,37121.22
2018-09-21,36841.6
2018-09-24,36305.02
2018-09-25,36652.06
2018-09-26,36542.27
2018-09-27,36324.17
2018-09-28,36227.14
2018-10-01,36526.14
2018-10-01,36526.14
2018-10-03,35975.63
2018-10-04,35169.16
2018-10-05,34376.99
2018-10-08,34474.38
2018-10-09,34299.47
2018-10-10,34760.89
2018-10-11,34001.15
2018-10-12,34733.58
2018-10-15,34865.1
2018-10-16,35162.48
2018-10-17,34779.58
2018-10-17,34779.58
2018-10-19,34315.63
2018-10-22,34134.38
2018-10-23,33847.23
2018-10-24,34033.96
2018-10-25,33690.09
2018-10-26,33349.31
2018-10-29,34067.4
2018-10-30,33891.13
2018-10-31,34442.05
2018-11-01,34431.97
2018-11-02,35011.65
2018-11-05,34950.92
2018-11-06,34991.91
2018-11-07,35237.68
2018-11-07,35237.68
2018-11-09,35158.55
2018-11-12,34812.99
2018-11-13,35144.49
2018-11-14,35141.99
2018-11-15,35260.54
2018-11-16,35457.16
2018-11-19,35774.88
2018-11-20,35474.51
2018-11-21,35199.8
2018-11-22,34981.02
2018-11-22,34981.02
2018-11-26,35354.08
2018-11-27,35513.14
2018-11-28,35716.95
2018-11-29,36170.41
2018-11-30,36194.3
2018-12-03,36241.0
2018-12-04,36134.31
2018-12-05,35884.41
2018-12-06,35312.13
2018-12-07,35673.25
2018-12-10,34959.72
2018-12-11,35150.01
2018-12-12,35779.07
2018-12-13,35929.64
2018-12-14,35962.93
2018-12-17,36270.07
2018-12-18,36347.08
2018-12-19,36484.33
2018-12-20,36431.67
2018-12-21,35742.07
2018-12-24,35470.15
2018-12-24,35470.15
2018-12-26,35649.94
2018-12-27,35807.28
2018-12-28,36076.72
2018-12-31,36068.33
2018-12-31,36068.33
2019-01-02,35891.52
2019-01-03,35513.71
2019-01-04,35695.1
2019-01-07,35850.16
2019-01-08,35980.93
2019-01-09,36212.91
2019-01-10,36106.5
2019-01-11,36009.84
2019-01-14,35853.56
2019-01-15,36318.33
2019-01-16,36321.29
2019-01-17,36374.08
2019-01-18,36386.61
2019-01-21,36578.96
2019-01-22,36444.64
2019-01-23,36108.47
2019-01-24,36195.1
2019-01-25,36025.54
2019-01-28,35656.7
2019-01-29,35592.5
2019-01-30,35591.25
2019-01-31,36256.69
2019-02-01,36469.43
2019-02-04,36582.74
2019-02-05,36616.81
2019-02-06,36975.23
2019-02-07,36971.09
2019-02-08,36546.48
2019-02-11,36395.03
2019-02-12,36153.62
2019-02-12,36153.62
2019-02-14,35876.22
2019-02-15,35808.95
2019-02-18,35498.44
2019-02-19,35352.61
2019-02-20,35756.26
2019-02-21,35898.35
2019-02-22,35871.48
2019-02-25,36213.38
2019-02-26,35973.71
2019-02-27,35905.43
2019-02-28,35867.44
2019-03-01,36063.81
2019-03-01,36063.81
2019-03-05,36442.54
2019-03-06,36636.1
2019-03-07,36725.42
2019-03-08,36671.43
2019-03-11,37054.1
2019-03-12,37535.66
2019-03-13,37752.17
2019-03-14,37754.89
2019-03-15,38024.32
2019-03-18,38095.07
2019-03-19,38363.47
2019-03-20,38386.75
2019-03-20,38386.75
2019-03-22,38164.61
2019-03-25,37808.91
2019-03-26,38233.41
2019-03-27,38132.88
2019-03-28,38545.72
2019-03-28,38545.72
2019-04-01,38871.87
2019-04-02,39056.65
2019-04-03,38877.12
2019-04-04,38684.72
2019-04-05,38862.23
2019-04-08,38700.53
2019-04-09,38939.22
2019-04-10,38585.35
2019-04-11,38607.01
2019-04-12,38767.11
2019-04-15,38905.84
2019-04-16,39275.64
2019-04-16,39275.64
2019-04-18,39140.28
2019-04-18,39140.28
2019-04-22,38645.18
2019-04-23,38564.88
2019-04-24,39054.68
2019-04-25,38730.86
2019-04-26,39067.33
2019-04-26,39067.33
2019-04-30,39031.55
2019-04-30,39031.55
2019-05-02,38981.43
2019-05-03,38963.26
2019-05-06,38600.34
2019-05-07,38276.63
2019-05-08,37789.13
2019-05-09,37558.91
2019-05-10,37462.99
2019-05-13,37090.82
2019-05-14,37318.53
2019-05-15,37114.88
2019-05-16,37393.48
2019-05-17,37930.77
2019-05-20,39352.67
2019-05-21,38969.8
2019-05-22,39110.21
2019-05-23,38811.39
2019-05-24,39434.72
2019-05-27,39683.29
2019-05-28,39749.73
2019-05-29,39502.05
2019-05-30,39831.97
2019-05-31,39714.2
2019-06-03,40267.62
2019-06-04,40083.54
2019-06-04,40083.54
2019-06-06,39529.72
2019-06-07,39615.9
2019-06-10,39784.52
2019-06-11,39950.46
2019-06-12,39756.81
2019-06-13,39741.36
2019-06-14,39452.07
2019-06-17,38960.79
2019-06-18,39046.34
2019-06-19,39112.74
2019-06-20,39601.63
2019-06-21,39194.49
2019-06-24,39122.96
2019-06-25,39434.94
2019-06-26,39592.08
2019-06-27,39586.41
2019-06-28,39394.64
2019-07-01,39686.5
2019-07-02,39816.48
2019-07-03,39839.25
2019-07-04,39908.06
2019-07-05,39513.39
2019-07-08,38720.57
2019-07-09,38730.82
2019-07-10,38557.04
2019-07-11,38823.11
2019-07-12,38736.23
2019-07-15,38896.71
2019-07-16,39131.04
2019-07-17,39215.64
2019-07-18,38897.46
2019-07-19,38337.01
2019-07-22,38031.13
2019-07-23,37982.74
2019-07-24,37847.65
2019-07-25,37830.98
2019-07-26,37882.79
2019-07-29,37686.37
2019-07-30,37397.24
2019-07-31,37481.12
2019-08-01,37018.32
2019-08-02,37118.22
2019-08-05,36699.84
2019-08-06,36976.85
2019-08-07,36690.5
2019-08-08,37327.36
2019-08-09,37581.91
2019-08-09,37581.91
2019-08-13,36958.16
2019-08-14,37311.53
2019-08-14,37311.53
2019-08-16,37350.33
2019-08-19,37402.49
2019-08-20,37328.01
2019-08-21,37060.37
2019-08-22,36472.93
2019-08-23,36701.16
2019-08-26,37494.12
2019-08-27,37641.27
2019-08-28,37451.84
2019-08-29,37068.93
2019-08-30,37332.79
2019-08-30,37332.79
2019-09-03,36562.91
2019-09-04,36724.74
2019-09-05,36644.42
2019-09-06,36981.77
2019-09-09,37145.45
2019-09-09,37145.45
2019-09-11,37270.82
2019-09-12,37104.28
2019-09-13,37384.99
2019-09-16,37123.31
2019-09-17,36481.09
2019-09-18,36563.88
2019-09-19,36093.47
2019-09-20,38014.62
2019-09-23,39090.03
2019-09-24,39097.14
2019-09-25,38593.52
2019-09-26,38989.74
2019-09-27,38822.57
2019-09-30,38667.33
2019-10-01,38305.41
2019-10-01,38305.41
2019-10-03,38106.87
2019-10-04,37673.31
2019-10-07,37531.98
2019-10-07,37531.98
2019-10-09,38177.95
2019-10-10,37880.4
2019-10-11,38127.08
2019-10-14,38214.47
2019-10-15,38506.09
2019-10-16,38598.99
2019-10-17,39052.06
2019-10-18,39298.38
2019-10-18,39298.38
2019-10-22,38963.84
2019-10-23,39058.83
2019-10-24,39020.39
2019-10-25,39058.06
2019-10-25,39058.06
2019-10-29,39831.84
2019-10-30,40051.87
2019-10-31,40129.05
2019-11-01,40165.03
2019-11-04,40301.96
2019-11-05,40248.23
2019-11-06,40469.78
2019-11-07,40653.74
2019-11-08,40323.61
2019-11-11,40345.08
2019-11-11,40345.08
2019-11-13,40116.06
2019-11-14,40286.48
2019-11-15,40356.69
2019-11-18,40284.19
2019-11-19,40469.7
2019-11-20,40651.64
2019-11-21,40575.17
2019-11-22,40359.41
2019-11-25,40889.23
2019-11-26,40821.3
2019-11-27,41020.61
2019-11-28,41130.17
2019-11-29,40793.81
2019-12-02,40802.17
2019-12-03,40675.45
2019-12-04,40850.29
2019-12-05,40779.59
2019-12-06,40445.15
2019-12-09,40487.43
2019-12-10,40239.88
2019-12-11,40412.57
2019-12-12,40581.71
2019-12-13,41009.71
2019-12-16,40938.72
2019-12-17,41352.17
2019-12-18,41558.57
2019-12-19,41673.92
2019-12-20,41681.54
2019-12-23,41642.66
2019-12-24,41461.26
2019-12-24,41461.26
2019-12-26,41163.76
2019-12-27,41575.14
2019-12-30,41558.0
2019-12-31,41253.74
2019-12-31,41253.74
2020-01-02,41626.64
2020-01-03,41464.61
2020-01-06,40676.63
2020-01-07,40869.47
2020-01-08,40817.74
2020-01-09,41452.35
2020-01-10,41599.72
2020-01-13,41859.69
2020-01-14,41952.63
2020-01-15,41872.73
2020-01-16,41932.56
2020-01-17,41945.37
2020-01-20,41528.91
2020-01-21,41323.81
2020-01-22,41115.38
2020-01-23,41386.4
2020-01-24,41613.19
2020-01-27,41155.12
2020-01-28,40966.86
2020-01-29,41198.66
2020-01-30,40913.82
2020-01-31,40723.49
2020-02-03,39872.31
2020-02-04,40789.38
2020-02-05,41142.66
2020-02-06,41306.03
2020-02-07,41141.85
2020-02-10,40979.62
2020-02-11,41216.14
2020-02-12,41565.9
2020-02-13,41459.79
2020-02-14,41257.74
2020-02-17,41055.69
2020-02-18,40894.38
2020-02-19,41323.0
2020-02-20,41170.12
2020-02-20,41170.12
2020-02-24,40363.23
2020-02-25,40281.2
2020-02-26,39888.96
2020-02-27,39745.66
2020-02-28,38297.29
2020-03-02,38144.02
2020-03-03,38623.7
2020-03-04,38409.48
2020-03-05,38470.61
2020-03-06,37576.62
2020-03-09,35634.95
2020-03-09,35634.95
2020-03-11,35697.4
2020-03-12,32778.14
2020-03-13,34103.48
2020-03-16,31390.07
2020-03-17,30579.09
2020-03-18,28869.51
2020-03-19,28288.23
2020-03-20,29915.96
2020-03-23,25981.24
2020-03-24,26674.03
2020-03-25,28535.78
2020-03-26,29946.77
2020-03-27,29815.59
2020-03-30,28440.32
2020-03-31,29468.49
2020-04-01,28265.31
2020-04-01,28265.31
2020-04-03,27590.95
2020-04-03,27590.95
2020-04-07,30067.21
2020-04-08,29893.96
2020-04-09,31159.62
2020-04-09,31159.62
2020-04-13,30690.02
2020-04-13,30690.02
2020-04-15,30379.81
2020-04-16,30602.61
2020-04-17,31588.72
2020-04-20,31648.0
2020-04-21,30636.71
2020-04-22,31379.55
2020-04-23,31863.08
2020-04-24,31327.22
2020-04-27,31743.08
2020-04-28,32114.52
2020-04-29,32720.16
2020-04-30,33717.62
2020-04-30,33717.62
2020-05-04,31715.35
2020-05-05,31453.51
2020-05-06,31685.75
2020-05-07,31443.38
2020-05-08,31642.7
2020-05-11,31561.22
2020-05-12,31371.12
2020-05-13,32008.61
2020-05-14,31122.89
2020-05-15,31097.73
2020-05-18,30028.98
2020-05-19,30196.17
2020-05-20,30818.61
2020-05-21,30932.9
2020-05-22,30672.59
2020-05-22,30672.59
2020-05-26,30609.3
2020-05-27,31605.22
2020-05-28,32200.59
2020-05-29,32424.1
2020-06-01,33303.52
2020-06-02,33825.53
2020-06-03,34109.54
2020-06-04,33980.7
2020-06-05,34287.24
2020-06-08,34370.58
2020-06-09,33956.69
2020-06-10,34247.05
2020-06-11,33538.37
2020-06-12,33780.89
2020-06-15,33228.8
2020-06-16,33605.22
2020-06-17,33507.92
2020-06-18,34208.05
2020-06-19,34731.73
2020-06-22,34911.32
2020-06-23,35430.43
2020-06-24,34868.98
2020-06-25,34842.1
2020-06-26,35171.27
2020-06-29,34961.52
2020-06-30,34915.8
2020-07-01,35414.45
2020-07-02,35843.7
2020-07-03,36021.42
2020-07-06,36487.28
2020-07-07,36674.52
2020-07-08,36329.01
2020-07-09,36737.69
2020-07-10,36594.33
2020-07-13,36693.69
2020-07-14,36033.06
2020-07-15,36051.81
2020-07-16,36471.68
2020-07-17,37020.14
2020-07-20,37418.99
2020-07-21,37930.33
2020-07-22,37871.52
2020-07-23,38140.47
2020-07-24,38128.9
2020-07-27,37934.73
2020-07-28,38492.95
2020-07-29,38071.13
2020-07-30,37736.07
2020-07-31,37606.89
2020-08-03,36939.6
2020-08-04,37687.91
2020-08-05,37663.33
2020-08-06,38025.45
2020-08-07,38040.57
2020-08-10,38182.08
2020-08-11,38407.01
2020-08-12,38369.63
2020-08-13,38310.49
2020-08-14,37877.34
2020-08-17,38050.78
2020-08-18,38528.32
2020-08-19,38614.79
2020-08-20,38220.39
2020-08-21,38434.72
2020-08-24,38799.08
2020-08-25,38843.88
2020-08-26,39073.92
2020-08-27,39113.47
2020-08-28,39467.31
2020-08-31,38628.29
2020-09-01,38900.8
2020-09-02,39086.03
2020-09-03,38990.94
2020-09-04,38357.18
2020-09-07,38417.23
2020-09-08,38365.35
2020-09-09,38193.92
2020-09-10,38840.32
2020-09-11,38854.55
2020-09-14,38756.63
2020-09-15,39044.35
2020-09-16,39302.85
2020-09-17,38979.85
2020-09-18,38845.82
2020-09-21,38034.14
2020-09-22,37734.08
2020-09-23,37668.42
2020-09-24,36553.6
2020-09-25,37388.66
2020-09-28,37981.63
2020-09-29,37973.22
2020-09-30,38067.93
2020-10-01,38697.05
2020-10-01,38697.05
2020-10-05,38973.7
2020-10-06,39574.57
2020-10-07,39878.95
2020-10-08,40182.67
2020-10-09,40509.49
2020-10-12,40593.8
2020-10-13,40625.51
2020-10-14,40794.74
2020-10-15,39728.41
2020-10-16,39982.98
2020-10-19,40431.6
2020-10-20,40544.37
2020-10-21,40707.31
2020-10-22,40558.49
2020-10-23,40685.5
2020-10-26,40145.5
2020-10-27,40522.1
2020-10-28,39922.46
2020-10-29,39749.85
2020-10-30,39614.07
2020-11-02,39757.58
2020-11-03,40261.13
2020-11-04,40616.14
2020-11-05,41340.16
2020-11-06,41893.06
2020-11-09,42597.43
2020-11-10,43277.65
2020-11-11,43593.67
2020-11-12,43357.19
2020-11-13,43443.0
2020-11-13,43443.0
2020-11-17,43952.71
2020-11-18,44180.05
2020-11-19,43599.96
2020-11-20,43882.25
2020-11-23,44077.15
2020-11-24,44523.02
2020-11-25,43828.1
2020-11-26,44259.74
2020-11-27,44149.72
2020-11-27,44149.72
2020-12-01,44655.44
2020-12-02,44618.04
2020-12-03,44632.65
2020-12-04,45079.55
2020-12-07,45426.97
2020-12-08,45608.51
2020-12-09,46103.5
2020-12-10,45959.88
2020-12-11,46099.01
2020-12-14,46253.46
2020-12-15,46263.17
2020-12-16,46666.46
2020-12-17,46890.34
2020-12-18,46960.69
2020-12-21,45553.96
2020-12-22,46006.69
2020-12-23,46444.18
2020-12-24,46973.54
2020-12-24,46973.54
2020-12-28,47353.75
2020-12-29,47613.08
2020-12-30,47746.22
2020-12-31,47751.33
2021-01-01,47868.98
2021-01-04,48176.8
2021-01-05,48437.78
2021-01-06,48174.06
2021-01-07,48093.32
2021-01-08,48782.51
2021-01-11,49269.32
2021-01-12,49517.11
2021-01-13,49492.32
2021-01-14,49584.16
2021-01-15,49034.67
2021-01-18,48564.27
2021-01-19,49398.29
2021-01-20,49792.12
2021-01-21,49624.76
2021-01-22,48878.54
2021-01-25,48347.59
2021-01-25,48347.59
2021-01-27,47409.93
2021-01-28,46874.36
2021-01-29,46285.77
2021-02-01,48600.61
2021-02-02,49797.72
2021-02-03,50255.75
2021-02-04,50614.29
2021-02-05,50731.63
2021-02-08,51348.77
2021-02-09,51329.08
2021-02-10,51309.39
2021-02-11,51531.52
2021-02-12,51544.3
2021-02-15,52154.13
2021-02-16,52104.17
2021-02-17,51703.83
2021-02-18,51324.69
2021-02-19,50889.76
2021-02-22,49744.32
2021-02-23,49751.41
2021-02-24,50781.69
2021-02-25,51039.31
2021-02-26,49099.99
2021-03-01,49849.84
2021-03-02,50296.89
2021-03-03,51444.65
2021-03-04,50846.08
2021-03-05,50405.32
2021-03-08,50441.07
2021-03-09,51025.48
2021-03-10,51279.51
2021-03-10,51279.51
2021-03-12,50792.08
2021-03-15,50395.08
2021-03-16,50363.96
2021-03-17,49801.62
2021-03-18,49216.52
2021-03-19,49858.24
2021-03-22,49771.29
2021-03-23,50051.44
2021-03-24,49180.31
2021-03-25,48440.12
2021-03-26,49008.5
2021-03-26,49008.5
2021-03-30,50136.58
2021-03-31,49509.15
2021-04-01,50029.83
2021-04-01,50029.83
2021-04-05,49159.32
2021-04-06,49201.39
2021-04-07,49661.76
2021-04-08,49746.21
2021-04-09,49591.32
2021-04-12,47883.38
2021-04-13,48544.06
2021-04-13,48544.06
2021-04-15,48803.68
2021-04-16,48832.03
2021-04-19,47949.42
2021-04-20,47705.8
2021-04-20,47705.8
2021-04-22,48080.67
2021-04-23,47878.45
2021-04-26,48386.51
2021-04-27,48944.14
2021-04-28,49733.84
2021-04-29,49765.94
2021-04-30,48782.36
2021-05-03,48718.52
2021-05-04,48253.51
2021-05-05,48677.55
2021-05-06,48949.76
2021-05-06,48949.76
2021-05-10,49502.41
2021-05-11,49161.81
2021-05-12,48690.8
2021-05-12,48690.8
2021-05-14,48732.55
2021-05-17,49580.73
2021-05-18,50193.33
2021-05-19,49902.64
2021-05-20,49564.86
2021-05-21,50540.48
2021-05-24,50651.9
2021-05-25,50637.53
2021-05-26,51017.52
2021-05-27,51115.22
2021-05-28,51422.88
2021-05-31,51937.44
2021-06-01,51934.88
2021-06-02,51849.48
2021-06-03,52232.43
2021-06-04,52100.05
2021-06-07,52328.51
2021-06-08,52275.57
2021-06-09,51941.64
2021-06-10,52300.47
2021-06-11,52474.76
2021-06-14,52551.53
2021-06-15,52773.05
2021-06-16,52501.98
2021-06-17,52323.33
2021-06-18,52344.45
2021-06-21,52574.46
2021-06-22,52588.71
2021-06-23,52306.08
2021-06-24,52699.0
2021-06-25,52925.04
2021-06-28,52735.59
2021-06-29,52549.66
2021-06-30,52482.71
2021-07-01,52318.6
2021-07-02,52484.67
